prompt,answer
When is my Advanced Data Structures?,"Your Advanced Data Structures is scheduled on Friday, December 05 at 09:00 PM MST."
When is my Advanced Physics?,"Your Advanced Physics is scheduled on Wednesday, September 10 at 09:00 PM MST."
When is my AI Ethics Lecture?,"Your AI Ethics Lecture is scheduled on Sunday, November 02 at 05:00 PM MST."
When is my Art History?,"Your Art History is scheduled on Monday, October 20 at 05:30 PM MST."
When is my Astrophysics Seminar?,"Your Astrophysics Seminar is scheduled on Sunday, October 05 at 09:00 PM MST."
When is my Beach Day with Friends?,"You have multiple Beach Day with Friendss scheduled:
- Sunday, August 31 at 04:00 PM MST
- Sunday, October 26 at 04:00 PM MST
- Sunday, November 23 at 04:00 PM MST"
When is my Big Data Analytics?,"Your Big Data Analytics is scheduled on Saturday, November 15 at 04:00 PM MST."
When does my Breakfast start?,"You have multiple Breakfasts scheduled:
- Friday, August 01 at 03:00 PM MST
- Monday, September 01 at 03:00 PM MST
- Wednesday, October 01 at 03:00 PM MST
- Saturday, November 01 at 03:00 PM MST
- Monday, December 01 at 03:00 PM MST"
When is my Catch-up with Friends?,"Your Catch-up with Friends is scheduled on Sunday, August 03 at 11:00 PM MST."
When is my Chemistry Seminar?,"Your Chemistry Seminar is scheduled on Friday, August 15 at 06:00 PM MST."
When is my Christmas?,"Your Christmas is scheduled on Thursday, December 25 at 12:00 AM MST."
When is my Christmas Celebration?,"Your Christmas Celebration is scheduled on Monday, December 22 at 01:00 AM MST."
When is my Client Call?,"You have multiple Client Calls scheduled:
- Wednesday, August 13 at 04:00 PM MST
- Wednesday, August 27 at 04:00 PM MST
- Thursday, October 09 at 04:00 PM MST
- Wednesday, October 22 at 04:00 PM MST"
When is my Client Feedback Session?,"You have multiple Client Feedback Sessions scheduled:
- Friday, August 08 at 05:00 PM MST
- Friday, August 22 at 05:00 PM MST
- Saturday, October 04 at 05:00 PM MST
- Thursday, November 06 at 04:00 PM MST
- Friday, December 05 at 05:00 PM MST"
When are my Client Kickoff Meetings?,"You have multiple Client Kickoff Meetings scheduled:
- Tuesday, October 14 at 05:00 PM MST
- Tuesday, November 04 at 05:00 PM MST
- Wednesday, December 03 at 05:00 PM MST"
When is my Client Presentation?,"Your Client Presentation is scheduled on Thursday, November 20 at 05:00 PM MST."
When is my Client Presentation Preparation?,"Your Client Presentation Preparation is scheduled on Thursday, September 04 at 09:00 PM MST."
When is my Client Workshop?,"Your Client Workshop is scheduled on Thursday, October 02 at 05:00 PM MST."
When is my Cloud Computing Basics?,"Your Cloud Computing Basics is scheduled on Wednesday, December 10 at 04:00 PM MST."
When is my Computer Science Workshop?,"Your Computer Science Workshop is scheduled on Thursday, August 07 at 04:00 PM MST."
When is my Data Science Fundamentals?,"Your Data Science Fundamentals is scheduled on Wednesday, October 01 at 05:00 PM MST."
When are my Department Meetings?,"Your Department Meeting is scheduled on Thursday, September 25 at 05:00 PM MST."
When is my Design Review?,"You have multiple Design Reviews scheduled:
- Saturday, August 02 at 05:00 PM MST
- Thursday, August 14 at 05:00 PM MST
- Thursday, August 28 at 05:00 PM MST
- Friday, October 03 at 04:00 PM MST
- Thursday, October 16 at 04:00 PM MST
- Wednesday, October 29 at 05:00 PM MST
- Wednesday, November 12 at 04:00 PM MST
- Friday, November 21 at 04:00 PM MST
- Thursday, December 11 at 05:00 PM MST
- Thursday, December 18 at 04:00 PM MST"
When is my Design Workshop?,"You have multiple Design Workshops scheduled:
- Thursday, October 23 at 05:00 PM MST
- Wednesday, November 05 at 05:00 PM MST
- Wednesday, November 26 at 04:00 PM MST
- Thursday, December 04 at 04:00 PM MST
- Saturday, December 13 at 05:00 PM MST"
When is my Dinner?,"You have multiple Dinner with Friendss scheduled:
- Monday, August 25 at 01:00 AM MST
- Monday, October 20 at 01:00 AM MST
- Monday, November 17 at 01:00 AM MST
- Monday, December 15 at 01:00 AM MST"
When is my Diwali?,"Your Diwali is scheduled on Wednesday, November 12 at 12:00 AM MST."
When is my Dussehra?,"Your Dussehra is scheduled on Friday, October 24 at 12:00 AM MST."
When is my Environmental Chemistry?,"Your Environmental Chemistry is scheduled on Wednesday, October 15 at 06:00 PM MST."
When do I have my Evening Walk?,"Your Evening Walk is scheduled on Saturday, August 02 at 01:00 AM MST."
When is my Family BBQ?,"Your Family BBQ is scheduled on Monday, September 01 at 10:00 PM MST."
When is my Dinner?,"You have multiple Family Dinners scheduled:
- Monday, August 04 at 01:00 AM MST
- Monday, October 06 at 01:00 AM MST
- Monday, November 03 at 01:00 AM MST
- Tuesday, December 02 at 01:00 AM MST"
When is my Family Game Night?,"Your Family Game Night is scheduled on Monday, November 24 at 02:00 AM MST."
When is my Family Movie Night?,"You have multiple Family Movie Nights scheduled:
- Monday, August 25 at 02:00 AM MST
- Monday, October 27 at 02:00 AM MST"
When is my Family Outing?,"You have multiple Family Outings scheduled:
- Sunday, August 10 at 05:00 PM MST
- Sunday, October 12 at 05:00 PM MST
- Sunday, November 09 at 05:00 PM MST
- Sunday, December 07 at 05:00 PM MST"
When is my Family Picnic?,"Your Family Picnic is scheduled on Sunday, August 31 at 06:00 PM MST."
When is my Family Time?,"Your Family Time is scheduled on Sunday, November 02 at 02:00 AM MST."
When is my Friends' Game Night?,"Your Friends' Game Night is scheduled on Monday, August 18 at 03:00 AM MST."
When is my Game Night?,"You have multiple Game Nights scheduled:
- Monday, October 06 at 03:00 AM MST
- Monday, November 03 at 03:00 AM MST
- Tuesday, December 02 at 03:00 AM MST"
When is my Ganesh Chaturthi?,"Your Ganesh Chaturthi is scheduled on Monday, September 08 at 12:00 AM MST."
When is my Hiking Trip?,"You have multiple Hiking Trips scheduled:
- Sunday, August 10 at 01:00 PM MST
- Sunday, October 12 at 01:00 PM MST
- Sunday, November 09 at 01:00 PM MST
- Sunday, December 07 at 01:00 PM MST"
When is my History Lecture?,"Your History Lecture is scheduled on Wednesday, August 20 at 05:30 PM MST."
When is my Holiday Party?,"Your Holiday Party is scheduled on Thursday, December 25 at 02:00 AM MST."
When is my Holiday Party with Friends?,"Your Holiday Party with Friends is scheduled on Monday, December 22 at 02:00 AM MST."
When is my Holiday Preparations?,"Your Holiday Preparations is scheduled on Sunday, December 14 at 09:00 PM MST."
When is my Inorganic Chemistry Lab?,"Your Inorganic Chemistry Lab is scheduled on Thursday, November 20 at 06:00 PM MST."
When is my Introduction to AI?,"Your Introduction to AI is scheduled on Tuesday, September 02 at 05:00 PM MST."
When is my Lunch?,"You have multiple Lunch Breaks scheduled:
- Friday, August 01 at 07:30 PM MST
- Monday, September 01 at 07:30 PM MST
- Wednesday, October 01 at 07:30 PM MST
- Saturday, November 01 at 07:30 PM MST
- Monday, December 01 at 07:30 PM MST"
When is my Machine Learning Workshop?,"Your Machine Learning Workshop is scheduled on Monday, September 15 at 04:00 PM MST."
When are my Marketing Strategy Meetings?,"You have multiple Marketing Strategy Meetings scheduled:
- Friday, October 17 at 05:00 PM MST
- Friday, November 07 at 05:00 PM MST
- Friday, December 12 at 04:00 PM MST"
When is my Math Lecture?,"Your Math Lecture is scheduled on Friday, August 01 at 05:00 PM MST."
When is my Meditation?,"Your Meditation is scheduled on Thursday, October 02 at 01:30 AM MST."
When is my Modern History Lecture?,"Your Modern History Lecture is scheduled on Thursday, September 25 at 05:30 PM MST."
When are my Monthly Kickoff Meetings?,"Your Monthly Kickoff Meeting is scheduled on Wednesday, October 01 at 04:00 PM MST."
When are my Monthly Review Meetings?,"You have multiple Monthly Review Meetings scheduled:
- Saturday, September 20 at 10:00 PM MST
- Saturday, October 18 at 04:00 PM MST
- Saturday, November 01 at 04:00 PM MST
- Saturday, November 15 at 04:00 PM MST
- Tuesday, December 02 at 04:00 PM MST
- Saturday, December 20 at 04:00 PM MST"
When is my Morning Exercise?,"Your Morning Exercise is scheduled on Saturday, November 01 at 01:30 PM MST."
When is my Morning Jog?,"Your Morning Jog is scheduled on Friday, August 01 at 01:30 PM MST."
When do I have my Morning Run?,"Your Morning Run is scheduled on Wednesday, October 01 at 01:30 PM MST."
When do I have my Morning Walk?,"Your Morning Walk is scheduled on Monday, December 01 at 01:30 PM MST."
When is my Morning Yoga?,"Your Morning Yoga is scheduled on Monday, September 01 at 01:30 PM MST."
When is my Neural Networks Introduction?,"Your Neural Networks Introduction is scheduled on Monday, December 01 at 05:00 PM MST."
When is my New Year's Eve?,"Your New Year's Eve is scheduled on Wednesday, December 31 at 12:00 AM MST."
When are my One-on-One Meetings?,"You have multiple One-on-One Meetings scheduled:
- Wednesday, August 06 at 05:00 PM MST
- Wednesday, August 20 at 05:00 PM MST
- Wednesday, October 15 at 05:00 PM MST
- Friday, November 14 at 04:00 PM MST
- Wednesday, December 10 at 04:00 PM MST"
When is my Organic Chemistry Lab?,"Your Organic Chemistry Lab is scheduled on Saturday, September 20 at 06:00 PM MST."
When is my Philosophy of Science?,"Your Philosophy of Science is scheduled on Saturday, December 20 at 05:30 PM MST."
When is my Physical Chemistry?,"Your Physical Chemistry is scheduled on Monday, December 15 at 06:00 PM MST."
When is my Physics Lab?,"Your Physics Lab is scheduled on Sunday, August 03 at 09:00 PM MST."
When is my Planning Next Day?,"Your Planning Next Day is scheduled on Tuesday, December 02 at 02:00 AM MST."
When is my Product Demo?,"You have multiple Product Demos scheduled:
- Friday, October 10 at 05:00 PM MST
- Thursday, October 30 at 05:00 PM MST
- Tuesday, November 11 at 05:00 PM MST
- Tuesday, December 09 at 05:00 PM MST
- Friday, December 19 at 05:00 PM MST"
When are my Product Development Meetings?,"You have multiple Product Development Meetings scheduled:
- Wednesday, October 08 at 05:00 PM MST
- Wednesday, November 19 at 04:00 PM MST"
When are my Product Launch Meetings?,"You have multiple Product Launch Meetings scheduled:
- Friday, August 15 at 05:00 PM MST
- Friday, August 29 at 05:00 PM MST
- Friday, October 24 at 05:00 PM MST"
When is my Programming in Python?,"Your Programming in Python is scheduled on Friday, October 10 at 04:00 PM MST."
When is my Project Kickoff?,"You have multiple Project Kickoffs scheduled:
- Tuesday, August 12 at 05:00 PM MST
- Tuesday, August 26 at 05:00 PM MST
- Tuesday, October 21 at 05:00 PM MST
- Tuesday, November 18 at 05:00 PM MST
- Tuesday, December 23 at 05:00 PM MST"
When are my Project Kickoff Meetings?,"Your Project Kickoff Meeting is scheduled on Wednesday, September 10 at 06:00 PM MST."
When is my Quantum Mechanics Workshop?,"Your Quantum Mechanics Workshop is scheduled on Sunday, November 09 at 09:00 PM MST."
When is my Raksha Bandhan?,"Your Raksha Bandhan is scheduled on Tuesday, August 19 at 12:00 AM MST."
When is my Reading Time?,"Your Reading Time is scheduled on Tuesday, September 02 at 02:00 AM MST."
When are my Retrospective Meetings?,"You have multiple Retrospective Meetings scheduled:
- Saturday, August 09 at 04:00 PM MST
- Saturday, August 23 at 04:00 PM MST
- Saturday, October 11 at 04:00 PM MST
- Saturday, October 25 at 04:00 PM MST
- Saturday, November 22 at 04:00 PM MST
- Tuesday, December 16 at 04:00 PM MST"
When are my Stand-up Meetings?,"You have multiple Stand-up Meetings scheduled:
- Thursday, August 07 at 04:00 PM MST
- Thursday, August 21 at 04:00 PM MST"
When is my Team Building Activity?,"Your Team Building Activity is scheduled on Saturday, August 30 at 06:00 PM MST."
When are my Team Meetings?,"Your Team Meeting is scheduled on Friday, August 01 at 04:00 PM MST."
When is my Team Sync?,"You have multiple Team Syncs scheduled:
- Tuesday, October 28 at 04:00 PM MST
- Thursday, November 13 at 05:00 PM MST
- Tuesday, November 25 at 05:00 PM MST
- Wednesday, December 17 at 05:00 PM MST
- Friday, December 26 at 05:00 PM MST"
When is my Visit to Aunt's House?,"Your Visit to Aunt's House is scheduled on Sunday, November 16 at 09:00 PM MST."
When is my Visit to Grandparents?,"You have multiple Visit to Grandparentss scheduled:
- Sunday, August 17 at 09:00 PM MST
- Sunday, October 19 at 09:00 PM MST"
When is my Weekly Sync-Up?,"You have multiple Weekly Sync-Ups scheduled:
- Tuesday, August 05 at 04:00 PM MST
- Tuesday, August 19 at 04:00 PM MST
- Tuesday, October 07 at 04:00 PM MST
- Saturday, November 08 at 04:00 PM MST
- Saturday, December 06 at 04:00 PM MST"
When is my Weekly Team Standup?,"Your Weekly Team Standup is scheduled on Tuesday, September 02 at 04:00 PM MST."
When is my Work Session?,"You have multiple Work Sessions scheduled:
- Friday, August 01 at 04:00 PM MST
- Monday, September 01 at 04:00 PM MST
- Wednesday, October 01 at 04:00 PM MST
- Saturday, November 01 at 04:00 PM MST
- Monday, December 01 at 04:00 PM MST"
When is my World History Lecture?,"Your World History Lecture is scheduled on Tuesday, November 25 at 05:30 PM MST."
When is my Year-End Review?,"Your Year-End Review is scheduled on Tuesday, December 30 at 05:00 PM MST."